,Number of False Rejection Tests,Number of False Acceptance Tests,False Acceptance Rate,False Rejection Rate
SPEAKER1,14.0,400.0,0.07,0.0
SPEAKER10(SHORT),11.0,403.0,0.0,0.5454545454545454
SPEAKER1_44kHz,10.0,404.0,0.0024752475247524753,0.8
SPEAKER2,18.0,396.0,0.0,0.0
SPEAKER2_44kHz,55.0,359.0,0.0,0.9818181818181818
SPEAKER3,17.0,397.0,0.26448362720403024,0.0
SPEAKER3_44kHz,9.0,405.0,0.0,0.0
SPEAKER4,40.0,374.0,0.040106951871657755,0.0
SPEAKER4_44kHz,20.0,394.0,0.048223350253807105,0.0
SPEAKER5,8.0,406.0,0.10344827586206896,0.0
SPEAKER5_44kHz,37.0,377.0,0.0,0.9459459459459459
SPEAKER6,34.0,380.0,0.0,0.9705882352941176
SPEAKER7,64.0,350.0,0.06857142857142857,0.625
SPEAKER8(SHORT),15.0,399.0,0.0,0.9333333333333333
SPEAKER9,62.0,352.0,0.0,1.0
